<?xml version="1.0" encoding="UTF-8"?>
<con:soapui-project id="dce8dce2-fd32-4dc5-81e9-e999181abbab" activeEnvironment="Default" name="API Gateway" resourceRoot="" soapui-version="5.5.0" xmlns:con="http://eviware.com/soapui/config"><con:settings/><con:interface xsi:type="con:RestService" id="a82c94a0-5bff-4cdb-b5e1-0f37a416a0cd" wadlVersion="http://wadl.dev.java.net/2009/02" name="http://localhost:3000" type="rest" xmlns:xsi="http://www.w3.org/2001/XMLSchema-instance"><con:settings/><con:definitionCache/><con:endpoints><con:endpoint>http://localhost:3000</con:endpoint></con:endpoints><con:resource name="" path="" id="9b257919-8b2c-4861-a6c0-231763dcdd85"><con:settings/><con:parameters/><con:resource name="register" path="/api/auth/register" id="937db3db-f94c-41d8-bf77-17ba20ac97bb"><con:settings/><con:parameters/><con:method name="Method 1" id="86294d6a-78bb-40b0-8880-2931360b0371" method="POST"><con:settings/><con:parameters/><con:representation type="REQUEST"><con:mediaType>application/x-www-form-urlencoded</con:mediaType><con:params/></con:representation><con:representation type="FAULT"><con:mediaType>text/html; charset=utf-8</con:mediaType><con:status>404</con:status><con:params/><con:element>html</con:element></con:representation><con:representation type="RESPONSE"><con:mediaType>application/json; charset=utf-8</con:mediaType><con:status>200</con:status><con:params/><con:element xmlns:reg="http://localhost/auth/api/register">reg:Response</con:element></con:representation><con:request name="Request 1" id="1987f54d-8ad7-4a0f-a0a7-3419aedadf0a" mediaType="application/x-www-form-urlencoded" postQueryString="false"><con:settings><con:setting id="com.eviware.soapui.impl.wsdl.WsdlRequest@request-headers">&lt;xml-fragment/></con:setting></con:settings><con:endpoint>http://localhost:3000</con:endpoint><con:request>grant_type=password&amp;username=testUser&amp;password=testPassword&amp;email=testEmail</con:request><con:originalUri>http://localhost/auth/api/register</con:originalUri><con:credentials><con:authType>No Authorization</con:authType></con:credentials><con:jmsConfig JMSDeliveryMode="PERSISTENT"/><con:jmsPropertyConfig/><con:parameters/><con:parameterOrder/></con:request></con:method></con:resource><con:method name="1" id="e419416f-2212-49d9-983f-6d62222ebb8f" method="GET"><con:settings/><con:parameters/><con:request name="Request 1" id="2d305c83-33e3-4182-95cb-30fa91fc2ccc" mediaType="application/json"><con:settings/><con:endpoint>http://localhost:3000</con:endpoint><con:request/><con:credentials><con:authType>No Authorization</con:authType></con:credentials><con:jmsConfig JMSDeliveryMode="PERSISTENT"/><con:jmsPropertyConfig/><con:parameters/></con:request></con:method></con:resource></con:interface><con:properties/><con:wssContainer/><con:oAuth2ProfileContainer/><con:oAuth1ProfileContainer/><con:sensitiveInformation/></con:soapui-project>